Año;Pais;Indústria;Transportes;Agregados domésticos;Pescas;Agricultura;Servicios
1990;Alemania;66252.1;54890.9;63146;0;2442.9;29086.1
1991;Alemania;60585.8;55958.8;65038.3;0;2716;29703.7
1992;Alemania;57541.9;56765.6;62291.7;0;2663.9;28407
1993;Alemania;54838.1;58285.1;66393.6;0;2015.7;27971.8
1994;Alemania;54421.7;57375.8;63846.1;0;2053.7;26404.2
1995;Alemania;54535.1;58087.5;66361.7;0;1995.7;25925.3
1996;Alemania;52982.3;58514.5;72456.2;0;2057;29101.2
1997;Alemania;52312.7;58818.8;71390.4;0;2047.3;25988.6
1998;Alemania;51734.8;59745;70377.8;0;2068.1;25347.2
1999;Alemania;51552.9;61332.3;66084.4;0;269.5;25928.2
2000;Alemania;51402.4;59992;65318;0;290;25819.7
2001;Alemania;50489.3;58783.5;69841.7;0;271.4;27401
2002;Alemania;50740.1;58115.2;67261.9;0;265.6;27109.8
2003;Alemania;53318.8;56578.7;66762.5;0;186.8;35009.5
2004;Alemania;54200.6;56740.8;64783.7;0;199.7;34444.6
2005;Alemania;54516.5;54839.9;63683.4;0;200.2;33712.3
2006;Alemania;55562;55553.1;64673.5;0;231;36478.4
2007;Alemania;57769.6;54251.9;55653.7;0;356.8;31360
2008;Alemania;57047.4;53420.6;62663.1;0;345.7;34732.2
2009;Alemania;50487.3;52532.6;59464.7;0;404.1;33666
2010;Alemania;56668.9;53143.4;63839.1;0;1287.2;34806.8
2011;Alemania;57409.7;53638.7;56020.2;0;1326.9;30735.6
2012;Alemania;56713;53259.1;59188.1;0;1317.4;32027.8
2013;Alemania;56347.5;54240;62517.6;0;1256.7;33508.9
2014;Alemania;55725.6;55445.8;53648.1;0;1514.1;30716.3
2015;Alemania;56067.6;55144.8;54959.8;0;1451.1;32224.8
2016;Alemania;56677.1;56556.6;56963.6;0;1497.9;31804.4
2017;Alemania;57146.1;57247.2;56542.9;0;1417.9;32018.3
2018;Alemania;57396.8;55718.8;55258.1;0;3341.6;29081.1
1990;Austria;5108.9;4689.6;5881.1;0;585.7;1697
1991;Austria;5187.4;5185.7;6531.4;0;591.3;1913.1
1992;Austria;4957.1;5199.5;6164.4;0;573.2;2026.6
1993;Austria;5048;5302.8;6274.6;0;546.9;2097.1
1994;Austria;5065.9;5314.7;5917.4;0;514;2007.8
1995;Austria;5169.8;5393.1;6322;0;539.7;2271.6
1996;Austria;5306.4;5919.3;6961.1;0;562;2656.8
1997;Austria;5732.5;5617.2;6272.6;0;562.7;2707.9
1998;Austria;5600;6318.9;6379.6;0;555.8;2676.4
1999;Austria;5590.9;6180.4;6547.4;0;546.6;2907.3
2000;Austria;5959.7;6419.8;6348.3;0;528;2552.3
2001;Austria;6122.3;6915;6693.8;0;544.1;2952.2
2002;Austria;6094.1;7499.8;6435.7;0;527.7;2888.4
2003;Austria;6457.6;8039.1;6562.5;0;541.5;3198
2004;Austria;6830.8;8149.3;6431.6;0;548.5;3149.4
2005;Austria;7172.8;8415.1;6624.4;0;526.7;2956.9
2006;Austria;7346.2;8274.5;6565.6;0;523;3039.1
2007;Austria;7419.7;8398.6;6267.3;0;514.4;2707.1
2008;Austria;7358.4;8127.9;6392.8;0;521;2964.6
2009;Austria;7128.1;7910.3;6492.5;0;513;2635.7
2010;Austria;7571.2;8161.7;7069.6;0;533.6;2619.7
2011;Austria;7599.8;7872.9;6550.3;0;517;2536.2
2012;Austria;7636.9;7790.8;6678.7;0;524.7;2514.2
2013;Austria;7570.8;8293.1;6947.9;0;547.5;2473.8
2014;Austria;7321.2;8225.4;6244.8;0;527;2421.7
2015;Austria;7353.8;8457.2;6618.6;0;541.8;2465.6
2016;Austria;7611.5;8592;6883.6;0;547.3;2404.3
2017;Austria;7634.8;8720.5;6947.9;0;553.8;2621.7
2018;Austria;7717.1;8780.4;6492;0;529.2;2514.7
1990;Bélgica;9843.6;6809.4;8289.3;0;498.9;2876.1
1991;Bélgica;10017.3;6870.4;9151.8;0;555.6;3247.9
1992;Bélgica;9766.9;7144.5;9147.8;0;722.5;3297.3
1993;Bélgica;9240.4;7313.7;9091.4;0;792;3316.7
1994;Bélgica;9574.6;7503.2;8937.9;0;994.2;3305.4
1995;Bélgica;9735.2;7558.2;9320.7;0;1112;3462.9
1996;Bélgica;9714.4;7678.6;10619.9;0;1242.8;3958
1997;Bélgica;10054.5;7774.5;9883.2;0;1079.6;3749.7
1998;Bélgica;10535.9;8018;9911.1;0;966;3793.2
1999;Bélgica;10805.3;8086.8;9509.6;0;891.4;3698.1
2000;Bélgica;11592.1;8174.8;9495.1;0;792.9;3476.2
2001;Bélgica;12441.4;8438.9;9894.4;0;760.3;3650.7
2002;Bélgica;11324.1;8411.7;9336.6;0;635.5;3789.3
2003;Bélgica;11375.2;8620.7;9871.1;0;825.2;3997.4
2004;Bélgica;10901.7;8918.7;10027.4;0;816.5;4089.3
2005;Bélgica;10269.1;8681.4;9977.4;0;814.7;4122.1
2006;Bélgica;10905.5;8798;8987.1;0;889.1;4290.8
2007;Bélgica;10692.9;9067.2;8319.5;0;837.2;3886
2008;Bélgica;10280.2;9084.9;8990.1;0;874;4671.6
2009;Bélgica;9988.1;8939.3;8537.3;0.4;844.3;4541.1
2010;Bélgica;10760.4;8970.8;9527.5;0;757.9;4943.7
2011;Bélgica;10331;8819.6;7986.9;0;684.5;4398.9
2012;Bélgica;10461.1;8543.9;8360.9;0;692.9;4508.2
2013;Bélgica;10754.3;8393.1;9062.2;0;818.9;4900.8
2014;Bélgica;10636;8518.7;7486.6;0;707.6;4208.3
2015;Bélgica;10587.9;8919.4;8270.5;0;716.7;4576.7
2016;Bélgica;10665.1;9007.8;8312.8;0;769.5;4604.6
2017;Bélgica;10483.7;8853.6;8171.1;0;787.9;4594.7
2018;Bélgica;10669.3;8903.9;8103.4;0;791.7;4596.9
1990;Bulgaria;8933.9;2302.1;2336.1;0;789;1597.8
1991;Bulgaria;6720.9;1275.7;2479.3;0;687.8;750
1992;Bulgaria;5443.3;1381.2;2626.8;0;498.1;535.4
1993;Bulgaria;4718.1;1527.7;2829.3;0;409.4;670.2
1994;Bulgaria;5049.8;1398.7;2443.5;0;437;869.8
1995;Bulgaria;5688.6;1502.8;2447.5;0;384.9;703.7
1996;Bulgaria;5663.9;1478.2;2685.1;0;418.6;771.6
1997;Bulgaria;5544.7;1502.1;2213.2;0;316.1;607.2
1998;Bulgaria;4631.9;1897.2;2424.4;0;290.7;650.5
1999;Bulgaria;3520.2;1978.4;2174.1;0;308.6;680.7
2000;Bulgaria;3589.5;1931.5;2101.6;0;313.7;658.4
2001;Bulgaria;3587.9;1986.8;1975.1;0;275.7;773.2
2002;Bulgaria;3370.8;2068.9;2116.7;0;279.9;747.4
2003;Bulgaria;3620.1;2248.3;2231.8;0;283.6;763
2004;Bulgaria;3656.9;2422;2084.6;0.2;276.5;715
2005;Bulgaria;3649.9;2717.3;2089.7;0.2;304;840.9
2006;Bulgaria;3681;2855.8;2158.3;0;295.1;963
2007;Bulgaria;3811;2767.1;2061.7;0.2;266.6;918.5
2008;Bulgaria;3453.8;2884.3;2113.5;0.3;187.2;982.4
2009;Bulgaria;2442.1;2761.5;2114;1.2;183.1;970.1
2010;Bulgaria;2550;2694.8;2243.3;1.2;183.5;1026.7
2011;Bulgaria;2696.4;2759.9;2374.3;1.4;203.4;1089.7
2012;Bulgaria;2566.6;2914.4;2352.6;1.4;198.7;1069.7
2013;Bulgaria;2595.5;2620.3;2241;1.1;192.9;1029.8
2014;Bulgaria;2617.5;2916.5;2165;0.2;190.3;992
2015;Bulgaria;2719.6;3211.6;2192.9;0.2;185.6;1078.7
2016;Bulgaria;2655.5;3268.1;2252.1;0.2;185.1;1157
2017;Bulgaria;2753.6;3324.9;2318.7;0.3;177.3;1167.2
2018;Bulgaria;2730.6;3372.2;2229.7;0.6;185.3;1231.2
1990;Chipre;267.5;388.1;106.5;0;4.6;52.6
1991;Chipre;401.4;387.3;108.5;0;5;56.5
1992;Chipre;363.8;434.6;130.4;0;4.7;60.7
1993;Chipre;378.9;440.7;130.3;0;4.8;65.2
1994;Chipre;389.6;458.5;136.5;0;5.2;71.5
1995;Chipre;395.1;486.3;140.7;0;5.9;72.1
1996;Chipre;433.1;502.9;147.3;0;6.8;73.2
1997;Chipre;406.6;524.6;151.4;0;6.5;87.8
1998;Chipre;420.3;549.4;156.2;0;7.3;92.6
1999;Chipre;431.7;564;158.1;0;7.7;107.2
2000;Chipre;444.9;577.4;175.7;0;8.2;107.6
2001;Chipre;428.4;596.3;174.6;0;8;125.2
2002;Chipre;427.3;591.5;192.9;0;8.7;136.2
2003;Chipre;445.6;627.1;209.3;0;9.7;143.1
2004;Chipre;450.2;662;201.5;0.3;9.8;147.2
2005;Chipre;320.4;676;317.1;0.3;37.9;160.7
2006;Chipre;286.1;673.5;328.3;0.3;40.8;205.9
2007;Chipre;295;719.4;339.6;0.3;41.6;216.3
2008;Chipre;297.1;747.6;333.1;3.3;38;230
2009;Chipre;261.1;749.5;358.8;4.4;34.8;235.8
2010;Chipre;236.3;765.4;336.5;4.4;35.2;248.2
2011;Chipre;210.3;744.3;356.5;3.3;38.3;236.4
2012;Chipre;173.5;687.9;351.8;3.3;36.9;222.6
2013;Chipre;186.1;619.9;306.6;2.3;37.8;203.1
2014;Chipre;225.5;599.5;293.7;2.3;35.5;200.5
2015;Chipre;211.6;621.9;326.6;2.4;38.9;206.6
2016;Chipre;215.4;654;335.6;2.4;41.7;225.3
2017;Chipre;234.2;674.7;345.1;2.2;43.5;235.5
2018;Chipre;227.7;678.5;337.2;2.1;42.4;276.5
1990;Croacia;2240.6;1239.7;1977.2;0;431;435.9
1991;Croacia;1647.5;993.2;2300.9;0;252.1;363
1992;Croacia;1383.4;951.7;2008.6;0;222;292.2
1993;Croacia;1329.6;998.1;2084;0;218.9;353.5
1994;Croacia;1368.6;1053.3;1989.4;0;219.9;395.3
1995;Croacia;1254.2;1117.4;2192.3;0;199.2;440
1996;Croacia;1266.1;1182.9;2389.2;0;183.7;436.2
1997;Croacia;1436.2;1330.4;2389.4;0;203.6;479.5
1998;Croacia;1422.6;1392.3;2393.2;0;221.4;496.2
1999;Croacia;1356.3;1467.9;2490.8;20.4;260.7;496.6
2000;Croacia;1379.4;1479.6;2294.9;28.6;260.4;492.3
2001;Croacia;1432.1;1495.3;2469.7;31.6;240.9;564.1
2002;Croacia;1384.8;1596.9;2485;32.6;220.8;600.5
2003;Croacia;1429.6;1726.7;2706.4;31.6;224;641.3
2004;Croacia;1547.1;1777.1;2703.1;30.6;206.4;666.7
2005;Croacia;1565.5;1837.3;2820.4;30.6;211.8;693
2006;Croacia;1624.6;1954.6;2659.3;31.6;212.5;693.4
2007;Croacia;1665.8;2078.5;2530.1;31.6;207.6;689.4
2008;Croacia;1680.9;2051;2590.9;32.6;222.1;731.4
2009;Croacia;1413.8;2052.7;2644.9;32.6;217.2;737.6
2010;Croacia;1367.1;1971;2770.7;31.6;213.2;776.3
2011;Croacia;1286.5;1932.7;2643.7;32.6;216.5;763.1
2012;Croacia;1138;1896.4;2561.7;29.6;200.5;733.5
2013;Croacia;1116.9;1917.1;2493;29.6;197.6;713.9
2014;Croacia;1097.9;1894.4;2228.4;28.6;205.6;675.9
2015;Croacia;1090.2;1990.7;2429.9;27.5;203.1;742.9
2016;Croacia;1087.6;2039;2408.9;27.5;205.9;762.7
2017;Croacia;1179.6;2189;2392.8;25.7;204.9;800.5
2018;Croacia;1192;2140.4;2298.9;24.3;210.7;816
1990;Dinamarca;2694.9;3446.4;4043.8;257.7;737.6;1740
1991;Dinamarca;2848.6;3640.7;4391.5;262;771.5;1793.8
1992;Dinamarca;2839.7;3631.8;4226.3;267;767.9;1769.3
1993;Dinamarca;2854.9;3724.9;4586.5;215;759.5;1842.7
1994;Dinamarca;2910.4;3874.4;4423.7;210.1;751.6;1788.1
1995;Dinamarca;3021.1;3915.9;4524.1;197.9;746.7;1838.2
1996;Dinamarca;3028.5;3957.8;4832;215;788.2;1990.6
1997;Dinamarca;3036.8;4004.1;4521.9;214.9;783.2;1897.7
1998;Dinamarca;2987.6;4028;4505.6;220.2;753.2;1889.9
1999;Dinamarca;3027.3;4043.4;4389.1;221.3;748;1874.1
2000;Dinamarca;2942.9;4036.9;4217.6;224.4;740.8;1843.2
2001;Dinamarca;3034.1;4045.1;4467;213.2;731.4;1904.3
2002;Dinamarca;2854.8;4105.2;4360.8;212.1;714.3;1927.9
2003;Dinamarca;2863.5;4257.4;4470.8;202.8;704.1;1985.9
2004;Dinamarca;2905.3;4389.5;4459.7;176.4;690.9;2000.3
2005;Dinamarca;2872.3;4468.6;4514.6;178.3;684.1;2002.1
2006;Dinamarca;2912.9;4527.1;4514.7;177.3;717.5;2035.7
2007;Dinamarca;2831.4;4719.1;4515.5;164.2;681.9;2005.9
2008;Dinamarca;2716.5;4641;4501.2;149.9;707.9;2014.5
2009;Dinamarca;2352.5;4410.5;4510.1;144.8;706.6;1995.6
2010;Dinamarca;2446.5;4369.3;5005.1;143.8;730.8;2128.3
2011;Dinamarca;2442.3;4376.1;4496.3;136.7;691.5;1947.9
2012;Dinamarca;2303.4;4079.3;4444.5;111.2;670;1978.5
2013;Dinamarca;2179.4;4019.8;4484.1;124.4;663.3;1964.5
2014;Dinamarca;2120.4;4051.1;4146.3;115.2;626.7;1847.3
2015;Dinamarca;2183.6;4195.9;4448.2;124.3;634.4;1897.9
2016;Dinamarca;2229.4;4284.7;4606.8;124;630.5;1952.8
2017;Dinamarca;2328.5;4361.8;4559.3;116.8;603.7;2005.8
2018;Dinamarca;2341.9;4422.5;4576.5;111.1;595.6;1997.1
1990;Eslovaquia;5776.7;1447.7;2246.5;0;708.9;3659.1
1991;Eslovaquia;4978.9;1243;1888.9;0;513.8;3173.9
1992;Eslovaquia;4815.1;1254.7;1767.1;0;415.4;2903.7
1993;Eslovaquia;3874.9;1069.3;1720.8;0;499.3;3052.1
1994;Eslovaquia;4096.9;1237.9;1771.7;0;315.1;2451.1
1995;Eslovaquia;3631;1374.3;1976.8;0;301.6;2655.9
1996;Eslovaquia;3863.5;1248.4;2232.7;0;287;2670.4
1997;Eslovaquia;3784;1447.5;2362.3;0;310.4;2410
1998;Eslovaquia;3481.5;1469.5;2448.1;0;259.5;2473.3
1999;Eslovaquia;3334.3;1484.8;2568.7;0;227.2;2363.3
2000;Eslovaquia;3503;1429.5;2586.2;0;207;2199.6
2001;Eslovaquia;3503.5;2000.6;3082.6;0;181;1705.6
2002;Eslovaquia;3626.1;2209.5;2997.9;0;149.4;1553
2003;Eslovaquia;3663.4;2043.5;2839.6;0;159.2;1300.5
2004;Eslovaquia;3446.6;2165.2;2666.5;0;161.8;1439.8
2005;Eslovaquia;3590.8;2354.8;2540.5;0;165.4;1750.8
2006;Eslovaquia;3566;2215.1;2310.1;0;142.1;1877.5
2007;Eslovaquia;3662.8;2429.9;2080.7;0;136.7;1872.4
2008;Eslovaquia;3651.6;2668.9;2130.7;0;140.8;1938.7
2009;Eslovaquia;3118.5;2314.2;2147.5;0;130;1944.4
2010;Eslovaquia;3224.1;2595.4;2311.6;0;134.6;2105.4
2011;Eslovaquia;3255.3;2596.8;2121.1;0;157.7;1601.7
2012;Eslovaquia;3233.8;2299.8;2070.1;0;143.5;1451.2
2013;Eslovaquia;3114.8;2308.7;2147;0;131.1;1710.6
2014;Eslovaquia;3241.6;2176.4;1951.9;0;137.2;1233.3
2015;Eslovaquia;3333.4;2168.8;1987.7;0;150.3;1299.5
2016;Eslovaquia;3308.6;2429.9;2030.2;0;148.7;1308.3
2017;Eslovaquia;3452.4;2772.7;2108.6;0;142.6;1426.7
2018;Eslovaquia;3662.5;2744.1;2057.5;0;132.7;1314.7
1990;Eslovenia;1528.4;909.8;953.3;0;0;293.7
1991;Eslovenia;1359.7;856.4;1134.8;0;0;331.8
1992;Eslovenia;1146.5;882.3;1011.7;0;0;335
1993;Eslovenia;1110.8;1062.3;1101.1;0;0;377.6
1994;Eslovenia;1225.9;1184.7;1093.9;0;0;337
1995;Eslovenia;1180.5;1319;1163.9;0;0;398
1996;Eslovenia;1189.6;1491.8;1033.1;0;0;740.6
1997;Eslovenia;1224.5;1559.4;1070.2;0;0;673.2
1998;Eslovenia;1204.9;1300.8;1030.2;0;72.9;745.2
1999;Eslovenia;1209.9;1232.3;1054.2;0;72.9;825.9
2000;Eslovenia;1426.9;1223.7;1129.1;0;78.2;527.2
2001;Eslovenia;1338.4;1274;1123;0;77.2;720
2002;Eslovenia;1265.3;1301.7;1167.1;0;76.2;715.3
2003;Eslovenia;1502;1319.2;1254.9;0;79.2;504.5
2004;Eslovenia;1536.5;1375.2;1244.6;0;74.1;543.4
2005;Eslovenia;1645.8;1462.8;1190.3;0;75.1;475.8
2006;Eslovenia;1701.3;1529.1;1159.2;0;75.4;438.8
2007;Eslovenia;1606.1;1731.1;1047.8;0;74.4;369.9
2008;Eslovenia;1485.3;2035.8;1115.3;0;76.4;496.5
2009;Eslovenia;1221.1;1719.6;1285.9;0;66.3;491
2010;Eslovenia;1274.1;1778.4;1326.3;0;69.5;532.6
2011;Eslovenia;1236.9;1882.2;1264.6;0;67.5;531.5
2012;Eslovenia;1207.4;1899.1;1219;0;71;453.3
2013;Eslovenia;1197.6;1813.5;1203.4;0;70;467.8
2014;Eslovenia;1231.2;1795;1017.2;0;75.3;427.2
2015;Eslovenia;1228;1772.6;1110.9;0;74.2;454.5
2016;Eslovenia;1242.3;1882.6;1147.7;0;73.4;492.4
2017;Eslovenia;1295.6;1933.4;1120.4;0;72.9;480.2
2018;Eslovenia;1386.9;1965;1065.5;0;73.1;426
1990;España;19115.2;21485.5;9247.9;0;1681.5;3420.5
1991;España;19579;22357.1;9763.7;0;1815;3725.9
1992;España;18696.2;23591;9840.1;0;1937.5;3947
1993;España;18188.5;23248.1;9878.8;0;1976.5;3836.4
1994;España;19206.8;24083.7;10341;0;2097.2;4161.2
1995;España;19747.3;24370.4;10079.4;0;2211;4310.1
1996;España;18988.3;25990.3;10644.4;0.1;2190.9;4664.3
1997;España;20865.7;25991.2;10823.8;0.1;2116.9;5218.4
1998;España;21604.4;28419.9;11170.1;0.1;1960.4;5409.4
1999;España;21300.6;29791.5;11882.7;0.1;2220.9;5868.6
2000;España;24481.5;30534.8;12058.7;0.1;2581;6679.4
2001;España;26077.7;31929.2;12674.2;0.1;2406.1;6990.5
2002;España;26382.2;32563.3;13007.2;0.1;2369.6;7157.8
2003;España;28390.5;34254.2;13953.6;0.1;2949.6;7041.7
2004;España;29122.4;35653.7;14726.5;0.1;3347.8;7656.9
2005;España;30083;36974.6;15186.5;0.1;3117;8315.6
2006;España;24615.5;37896.6;15629;0.1;2817.7;8926.1
2007;España;26627;38977.7;15672.9;0.1;2948.9;8820.9
2008;España;25076;37180.2;15542.5;0.1;2700.5;9288.8
2009;España;20693.1;34782.1;15967.8;0.1;2364.6;9408.9
2010;España;20776.8;34214.1;16964.2;0.1;2245;9790
2011;España;20602.4;32422.5;15662.1;0.1;2405.8;10231.9
2012;España;20088.4;29733;15559.4;39.5;2679.7;10115.5
2013;España;19589;28169.7;14918.4;102.6;2753.1;9680.1
2014;España;19295.5;28392;14814.3;121.1;2652.6;8962.2
2015;España;18208.7;29405;15000.8;229.6;2273.8;10603.2
2016;España;18153.5;30589.2;15209;243.9;2409.8;11230.6
2017;España;19551.7;31700.8;14619.4;246;2412.9;11154.5
2018;España;20219;32531;15008;295.4;2457.6;11184.8
1990;Estonia;2511.3;828.2;899.4;0;679.9;287.5
1991;Estonia;2349;757.5;797.3;0;708.4;270.8
1992;Estonia;1382;392.9;759.1;0;401.5;280.1
1993;Estonia;1258.6;403;768.8;0;218;135
1994;Estonia;1042.9;480.2;887.5;0;105;267.3
1995;Estonia;833.5;479.9;954.8;0;83.5;171.9
1996;Estonia;932.7;524.7;1184.7;0;99.2;222.9
1997;Estonia;821.3;538;1198.3;0;83.8;249
1998;Estonia;706.5;566.9;1041.3;0;87.5;248.3
1999;Estonia;557;564.6;955.5;0;56.5;276.2
2000;Estonia;570.5;562.7;927;0;58.5;288.1
2001;Estonia;631.6;669.5;947.5;0;100.6;296.2
2002;Estonia;574.3;705.7;916.2;0;110;296.3
2003;Estonia;673.3;679.9;924.5;0;114.6;338.9
2004;Estonia;686.4;690.8;922.4;0.9;104.9;380.7
2005;Estonia;718.2;726.5;889.3;0.9;104.4;389.2
2006;Estonia;691.5;780.3;881.3;0.9;98.7;393.4
2007;Estonia;771;822.2;961.6;0.3;94;401.2
2008;Estonia;755.7;802.6;952.1;0.1;95.9;433.7
2009;Estonia;538.7;713.4;970.1;0.1;92.7;418.6
2010;Estonia;574.4;761.1;1026.8;0.3;94.8;424.2
2011;Estonia;606.8;754.6;935.3;0.8;108.2;402.2
2012;Estonia;572.7;763.1;970.8;0.8;110;423.5
2013;Estonia;644.3;743.6;933.5;0.7;109.4;417.9
2014;Estonia;554.8;748.6;888.1;0.9;130.4;457.6
2015;Estonia;523.6;763.5;857.4;0.7;131.8;465.4
2016;Estonia;453.2;779.5;930.6;0.5;129.7;498.2
2017;Estonia;457.3;803.7;940.9;1.2;131.7;466.6
2018;Estonia;490.2;831.8;941;0.4;124.2;490.5
1990;Finlandia;9132.7;3983.9;5352.7;0;929.8;894.3
1991;Finlandia;8644.2;3881.5;5578.6;0;810.2;923.9
1992;Finlandia;8579.6;3867.3;5568.1;0;845.3;941.7
1993;Finlandia;8944.9;3785.4;5345.2;0;845.8;949
1994;Finlandia;9689.4;3936.7;5540.9;0;756.4;966.6
1995;Finlandia;9510.4;3866.9;5448.9;0;758.7;1009.9
1996;Finlandia;9663.6;3775.7;5369.2;0;728.8;1419.5
1997;Finlandia;10193.4;3980.9;5232;0;716.2;1449.4
1998;Finlandia;10705;4033.9;5402.4;0;732;1483.6
1999;Finlandia;11040.1;4134.8;5175;47.2;661.3;1460.1
2000;Finlandia;11505.2;3934.1;4491.7;45.2;724.2;2325.6
2001;Finlandia;11212.7;3984.1;4883.8;43.1;745.1;2523.1
2002;Finlandia;11645.9;4047.4;4969.5;44.2;765.5;2595.3
2003;Finlandia;11641;4119.1;5118.3;44.2;737.7;2610
2004;Finlandia;11980.7;4222.3;5035.8;39.9;738.1;2622
2005;Finlandia;11123.6;4223.5;5020.1;37.8;716.1;2619.3
2006;Finlandia;12152.9;4283.5;5122;39.8;728.3;2677.9
2007;Finlandia;11888.2;4397;5124.1;38.8;751.2;2677.5
2008;Finlandia;11247;4258.6;5040.7;37.8;734.8;2671
2009;Finlandia;9373.9;4131.6;5299.3;37.8;731.4;2889.5
2010;Finlandia;10714.8;4304.2;5870.5;36.8;773;3099.9
2011;Finlandia;10517.5;4299.9;5138.5;35.8;710.6;2865.5
2012;Finlandia;10232.5;4197.1;5492.1;36.8;760.1;3029.1
2013;Finlandia;10270.4;4210;5172.7;39.2;756.6;2907.4
2014;Finlandia;10218.7;4113.8;5126.2;36.1;733.8;2890.3
2015;Finlandia;10208.9;4105.5;4951.9;34;711.4;2736.5
2016;Finlandia;10534.1;4180.5;5342.8;30.9;733.8;2888.9
2017;Finlandia;10696;4195.1;5761.4;29.8;710.9;2959.6
2018;Finlandia;11136;4241.5;5691.1;29.8;688.4;3078
1990;Francia;30604;38729.3;35207.8;436.5;3508.4;18922.8
1991;Francia;31638;39886.1;39782.9;459.1;3517.5;21033.8
1992;Francia;31843.8;40702.5;39233.1;423.1;3627.1;21037.1
1993;Francia;31407.9;41049.1;38193.3;474.5;3650.1;21106.5
1994;Francia;30737.9;41390.1;36053.7;443.7;3615.6;20653.4
1995;Francia;31467;41692.4;35471.9;436.5;3647.4;21130.5
1996;Francia;32758.9;41738.2;39194.6;423.1;3787.8;22743.3
1997;Francia;32619.1;42623.9;37013.1;424.2;3750.8;21650.8
1998;Francia;33928.2;44070.4;38096.8;430.3;3846.5;22288.9
1999;Francia;33845.6;44221.1;38581.6;446.8;3815.5;22708.9
2000;Francia;32880.6;45227;40594.4;426.2;3872.4;18658.4
2001;Francia;34990.7;45786.5;42483;457;3920.5;19255
2002;Francia;32854.5;45748.1;40814;451.9;3780.9;18350
2003;Francia;32783.5;44848.9;42331.5;462.8;3706.7;20371
2004;Francia;31671.7;44930.2;44031.5;421.1;4222.1;21015.2
2005;Francia;32516.4;44371.9;43009;412;4209.7;20966.9
2006;Francia;31298.8;44563.1;42393.3;372.7;4130.2;20310.4
2007;Francia;32212.9;44968.9;40421.1;340.3;4032.6;21231.1
2008;Francia;31703;43878.3;44171.6;316.2;4119.8;21463.8
2009;Francia;26277.8;43544.4;43976.9;338.2;4206.4;22890.1
2010;Francia;27739.2;43568.6;45407.8;320.5;4121.3;24102.9
2011;Francia;28200.3;45416.7;38749.6;353.5;4174.8;21883
2012;Francia;28061.2;45259.7;42689.9;363.8;4056.7;23513.5
2013;Francia;28011.1;44898.5;44852.7;320.3;4281.8;24257.5
2014;Francia;26950.9;45161.6;37066;326.7;4224.2;22262.7
2015;Francia;26877.4;45609.9;39164.1;307.3;4244.6;23132.3
2016;Francia;27565.2;45751.2;41034.4;299.6;4134;23274.6
2017;Francia;26751.6;46149.2;40322.5;342.4;4055.8;23565.7
2018;Francia;27263.3;45310.5;39057.3;310.9;4088.9;23277.1
1990;Grecia;4002;5088.6;3061.6;0;1034.2;651.5
1991;Grecia;3954.4;5359.7;3148.8;0;1106;733.4
1992;Grecia;3853.7;5498.7;3177.8;0;1064.1;772.4
1993;Grecia;3737.1;5574.7;3160.1;0;1074.8;813.7
1994;Grecia;3744.1;5603.7;3210.4;0;1084.6;882.1
1995;Grecia;4024.4;5646.9;3335.9;0;1012;940
1996;Grecia;4254.9;5814.6;3955;0;1057.7;1023.6
1997;Grecia;4344.3;6006.6;4119.2;0;1068.9;1101.4
1998;Grecia;4406.6;6540.7;4261.4;0;1089.7;1202.5
1999;Grecia;4124.3;6600.1;4280.2;0;1087.3;1243.4
2000;Grecia;4465.1;6457.7;4557.3;0;1116.4;1317.6
2001;Grecia;4522.4;6683.8;4776.5;0;1117.9;1478.6
2002;Grecia;4458.1;6781.8;4980.5;0;1165.7;1549.4
2003;Grecia;4342.6;7100.2;5580.5;0;1256;1674.5
2004;Grecia;4079.7;7237;5479.2;1.7;1116.1;1792.6
2005;Grecia;4168.8;7374;5573.9;1.8;1153.4;1953.1
2006;Grecia;4241.9;7584.1;5573.2;1.8;1181.2;2089.8
2007;Grecia;4618;7829.2;5421.2;1.8;1103.5;2147.1
2008;Grecia;4231.5;7588.6;5270.4;1.8;1096.9;2230.1
2009;Grecia;3462.4;8354.1;4887.5;1.8;872.8;2153.7
2010;Grecia;3472.8;7476.9;4666.5;1.8;798.4;1957.4
2011;Grecia;3322.8;6705.5;5526;1.9;667.2;1870.1
2012;Grecia;2995.5;5615.5;5096;31.5;284.5;1940.6
2013;Grecia;2835.5;5608.8;3821.3;30.9;293;1820.6
2014;Grecia;3088.3;5635.5;3844.9;24.6;256;1714
2015;Grecia;3128.4;5753.4;4460.6;13.4;257.9;1874.9
2016;Grecia;3073.1;5897;4348.7;12.7;270.7;2037.5
2017;Grecia;2762.8;5815.3;4413.3;12.4;291.2;2191.7
2018;Grecia;2743.3;5903.9;3916.7;14.9;264.4;2095.3
1990;Hungría;6045.1;2954;6720.5;0;1137.1;2022.1
1991;Hungría;5080.2;2589.9;6968.3;0;959.7;2399
1992;Hungría;4081.5;2502.6;6366.6;0;757.6;1988.2
1993;Hungría;3818.3;2495;6323.6;0;671.5;2401
1994;Hungría;3505.7;2432.1;6202.6;0;683.5;2633.9
1995;Hungría;3487.8;2497.5;6200.4;0;664.4;2641.5
1996;Hungría;3667.7;2491.7;6235.4;0;710.4;2983.5
1997;Hungría;3516.6;2629.3;5833.1;0;692.9;2887.7
1998;Hungría;3441.8;2906;5634.7;0;710.1;2922.5
1999;Hungría;3322.7;3084.5;5779.7;0;722.6;2961.8
2000;Hungría;3266.2;3061.4;5601.9;0;670.2;3026.3
2001;Hungría;3400.8;3218.1;6009.6;0;632.9;3199.6
2002;Hungría;3466.6;3417.5;6016.6;0;653.8;2967.1
2003;Hungría;3380.5;3574.8;6603.9;0;616.2;3085.2
2004;Hungría;3081.7;3735.9;6091.5;0;586.6;3546
2005;Hungría;3098;4036.3;6969.3;0;560.5;3500.6
2006;Hungría;3117.7;4318.8;6713.4;0;550.4;3182.9
2007;Hungría;3073.7;4398.6;6117.6;0;498.4;2797
2008;Hungría;3081.4;4501.1;6017.8;0;526.8;2741.3
2009;Hungría;2424.6;4480.5;6311.5;0.6;441.3;2903.7
2010;Hungría;2604.8;4089.4;6648.7;0.6;487.5;3048.6
2011;Hungría;2998.1;3812.9;6569.6;0.6;482.6;3053.6
2012;Hungría;3182.4;3692.2;6375.8;0.9;398.2;2353.9
2013;Hungría;3725.7;3460;6209.7;2;520.9;2337.1
2014;Hungría;3705;3873.3;5487.5;2.1;593.1;2114.8
2015;Hungría;3867.2;4181.3;5969.8;2.2;576.5;2203.7
2016;Hungría;3995.7;4342.8;6172.7;2.4;647.8;2190.5
2017;Hungría;4265.1;4533.7;6295.7;3.4;609.5;2161.5
2018;Hungría;4453;4810.2;5818.5;3.2;640.9;2101.4
1990;Irlanda;1745;1665.8;2333.9;0;252.1;989.9
1991;Irlanda;1788.7;1731.7;2301.2;0;261.4;1034.6
1992;Irlanda;1737.3;1869;2130;0;266.5;1059.4
1993;Irlanda;1813.1;1877;2148.3;0;268.6;1072.6
1994;Irlanda;1919.5;1957.5;2164.8;0;300.6;1153.7
1995;Irlanda;1971.2;2003.7;2210.4;0;339.9;1089.8
1996;Irlanda;1951.3;2342.9;2290.1;0;283.9;1137.4
1997;Irlanda;2097.7;2470.8;2224.8;0;294.3;1175.9
1998;Irlanda;2161.1;2923.8;2408;0;295.1;1196.6
1999;Irlanda;2246.7;3236.5;2441.4;0;304.6;1292.2
2000;Irlanda;2517.6;3510.9;2503.4;36.2;316.9;1330.8
2001;Irlanda;2488.1;3674.4;2652.5;37.2;323;1384.9
2002;Irlanda;2408.9;3742.5;2615.3;32.1;324.1;1440.3
2003;Irlanda;2417.8;3808.6;2739.9;45.5;325.1;1585.6
2004;Irlanda;2459.7;4045;2862.3;51.7;314;1526.8
2005;Irlanda;2596;4317.7;2950.4;46.5;335.6;1598.3
2006;Irlanda;2761.9;4707.7;3082.1;41.4;321.7;1572.2
2007;Irlanda;2471.2;4909.3;2958.4;39.3;300.6;1676.4
2008;Irlanda;2443.2;4666;3205.9;33.1;307.9;1784
2009;Irlanda;2108.8;4241.2;3145.4;31;271.4;1574.6
2010;Irlanda;2144.8;4037.6;3299;24.8;276.6;1503.4
2011;Irlanda;2230.7;3678.9;2771.4;20.7;254.9;1316.4
2012;Irlanda;2193;3587.5;2747.3;22.8;244.5;1317
2013;Irlanda;2186.5;3628.3;2807.6;24.8;234.2;1287.2
2014;Irlanda;2240.4;3800;2597.3;23.8;223.8;1221.1
2015;Irlanda;2379.6;3787.4;2720.3;20.7;220.7;1267.3
2016;Irlanda;2438.4;4092.6;2680.1;19.7;207.3;1332.3
2017;Irlanda;2478.3;4039;2603.2;22.8;213.5;1387.4
2018;Irlanda;2600;4105.2;2781;27.3;223.4;1481.9
1990;Italia;34093;32706.9;26061.2;200.4;2908.1;8173.9
1991;Italia;33078;33397.7;28245.2;213.7;2707.4;9048.7
1992;Italia;32649;35119.6;26944.5;206.5;2789.3;9031.9
1993;Italia;31804.1;35790.5;26801.4;210.6;3033.4;9405.5
1994;Italia;32710.7;35776.1;24261.3;224.9;3026.8;9179.3
1995;Italia;33887.5;36615.4;26324;230;3021.6;9816.7
1996;Italia;33526;37229.6;26913.1;219.8;3048.1;10198
1997;Italia;34410.4;37753.2;26187.6;230;2959.6;10259.8
1998;Italia;34793.8;38807.2;27514;219.8;2960.7;10794.4
1999;Italia;36551.3;39682.3;28622.4;234;2895.7;11363.4
2000;Italia;37585.4;39692;27591.9;259.3;2905.1;11542.2
2001;Italia;36376.5;40361;28907.2;313.3;2971.6;11993.5
2002;Italia;36622.7;41082.5;28741.6;291.9;2952.3;11955.7
2003;Italia;38225.6;41411.4;31590.2;284.8;2999.4;13218
2004;Italia;37509.2;42309.9;31425.2;313.5;2960.9;13469.1
2005;Italia;37211.5;41838.9;33921.6;312.6;3008.9;15053.3
2006;Italia;36144.6;42216.7;32423.7;304.6;2983;15568.8
2007;Italia;35907.7;42314.8;32339.6;294;2882.7;15181.7
2008;Italia;34528.3;40707.4;33611.7;283.6;2801.8;17019.1
2009;Italia;28552.9;39131.4;34040.6;285.7;2836.4;16919.5
2010;Italia;29014.7;38566.3;35392.9;223.9;2716.4;16978.7
2011;Italia;27744.9;38572.1;32378.1;221.6;2702.7;15751.4
2012;Italia;26948.7;36348.7;34348.3;198.3;2625.3;15930.5
2013;Italia;25353.6;35701.3;34230.6;182.8;2602.2;15846.5
2014;Italia;24739.1;37009.4;29546;191.1;2584.8;14666.7
2015;Italia;24853.4;36374.4;32494.5;188;2663.5;15391.5
2016;Italia;25088.9;35814.5;32185.1;220.7;2650.2;15440
2017;Italia;24925.7;34525.4;32898.6;221.9;2695.8;18242.2
2018;Italia;24302.2;35579.5;32055.9;234.4;2798.2;19338.2
1990;Letonia;1984.9;1053.6;1582.9;46.1;574.7;1102.6
1991;Letonia;1740.7;961.3;1762.8;45.3;484.3;1166.1
1992;Letonia;1325.1;843.9;1686.4;43.5;322.8;910.9
1993;Letonia;882.5;788.2;1738.2;43.4;249.1;751.8
1994;Letonia;700.4;725;1667.2;49.4;188.4;708.5
1995;Letonia;701.1;690.5;1600.6;43.6;124.1;662.5
1996;Letonia;668.2;665;1691.8;43.4;123.9;563.8
1997;Letonia;736;673.8;1540.6;24.6;122.9;590.8
1998;Letonia;711.7;664.4;1499.3;16.8;112.5;561.1
1999;Letonia;639.9;652.7;1410;29.2;104.4;523.9
2000;Letonia;576.5;722.1;1326.6;29.4;100.3;472.7
2001;Letonia;612.8;851.2;1442.3;33.4;102.6;502
2002;Letonia;621.9;873;1431;25.2;103.4;534.9
2003;Letonia;626.4;918.9;1498.8;35.1;111.5;564.7
2004;Letonia;667.2;964;1472.8;31.2;124.8;596.2
2005;Letonia;698.6;1007.9;1503.9;26;126.4;594.6
2006;Letonia;741.1;1112.4;1480.6;19.2;135.6;635.8
2007;Letonia;722.8;1252.4;1457.7;13.1;142.8;683.3
2008;Letonia;679.2;1183;1451.5;11;120.9;609.9
2009;Letonia;651.7;1038.9;1534.6;8.7;129.9;573
2010;Letonia;773.8;1083.5;1388.9;10.7;145.2;597.8
2011;Letonia;747.8;964.8;1327.4;12.2;141;556.7
2012;Letonia;827.4;929.6;1376.2;7.9;142.2;623.3
2013;Letonia;767.6;939.5;1267.2;8.2;147.7;600.4
2014;Letonia;791.2;982.4;1238.5;8;146.1;608.8
2015;Letonia;787.8;1037.7;1105.6;6.1;155.5;586.3
2016;Letonia;749;1033.6;1143.5;9.2;167.4;592.5
2017;Letonia;793.4;1080.8;1195.6;8.7;185.1;607
2018;Letonia;897.9;1108.7;1231;7.8;180.7;592
1990;Lituania;3326.6;1858.5;1842.7;0;797.4;1713.4
1991;Lituania;3326.2;2051.8;2007.1;0;686.4;1922.2
1992;Lituania;1881.6;1347.1;1628.9;0;430.1;1014.1
1993;Lituania;1107.4;1030.3;1713.9;0;294;720.7
1994;Lituania;1104.7;811.6;1748.7;0;234.3;789.1
1995;Lituania;1018.1;997.9;1640.1;0;203.6;690.5
1996;Lituania;975.7;1096.6;1549.5;0;203.9;616.5
1997;Lituania;999;1222.9;1497.5;0;176.6;588.8
1998;Lituania;1002.3;1285.1;1450.2;0;161.4;541.3
1999;Lituania;830;1147.4;1401.7;0;113.2;530.3
2000;Lituania;780.2;1032.9;1366;0;99.5;463.4
2001;Lituania;772.3;1127.4;1417.8;0;98.9;470.9
2002;Lituania;859;1168.2;1440.6;0;100.7;488.9
2003;Lituania;904.9;1187.8;1465.1;0;101.8;518.8
2004;Lituania;931.5;1303.7;1479;0.2;105.2;541.7
2005;Lituania;1057.6;1386.4;1506.6;1.4;104.3;562
2006;Lituania;1088;1493.7;1569;3.5;110.4;607.5
2007;Lituania;1116.5;1771.2;1503.6;2.5;117.4;629.7
2008;Lituania;1010.1;1768.1;1551.8;2.4;113.6;604.2
2009;Lituania;872.1;1465.6;1568.6;2.5;102.4;590.8
2010;Lituania;949.6;1497.1;1593.2;2.2;109.3;600.7
2011;Lituania;1013.3;1483.6;1532.2;2.3;108.6;584
2012;Lituania;1071.8;1508.4;1534.8;2.3;108.5;610.1
2013;Lituania;1037.3;1502.1;1467.2;2.3;104.2;593
2014;Lituania;1033.7;1662.6;1400.9;2.4;103.9;585.7
2015;Lituania;982.8;1750.2;1359.1;2.4;97.7;574.9
2016;Lituania;989;1864.5;1433.2;1.4;104.3;602.6
2017;Lituania;1070.9;1960;1455.4;1.1;109.2;633.9
2018;Lituania;1105.5;2081.5;1492.3;1.2;107.7;651.2
1990;Luxemburgo;1313.4;869.1;498.8;0;11.4;54.7
1991;Luxemburgo;1263.5;1040.8;590.9;0;12.5;59.1
1992;Luxemburgo;1206.2;1136;568.9;0;12.5;61.1
1993;Luxemburgo;1268.5;1146.9;566.9;0;11.4;66.6
1994;Luxemburgo;1205;1164.8;549.8;0;12.5;67.2
1995;Luxemburgo;984.5;1108.7;557.1;0;11.4;70.3
1996;Luxemburgo;979.8;1139.6;618;0;12.4;74.4
1997;Luxemburgo;943.4;1207.7;598.8;0;13;74.4
1998;Luxemburgo;850.4;1263;626;0;13.1;81.7
1999;Luxemburgo;887;1400.9;571.2;0;15.1;85.3
2000;Luxemburgo;737.5;1593.3;467.9;0;17.6;363.2
2001;Luxemburgo;754.5;1672.6;504;0;20.1;367.7
2002;Luxemburgo;740.2;1739.5;483.5;0;19.5;347.8
2003;Luxemburgo;726.8;1917.1;501.4;0;21.3;393.3
2004;Luxemburgo;804.8;2229;533.5;0;21.8;371.1
2005;Luxemburgo;780.8;2349.6;525.5;0;22.4;367.2
2006;Luxemburgo;849.3;2249;516.4;0;23.2;367.8
2007;Luxemburgo;807.2;2204.8;502.3;0;25;368.2
2008;Luxemburgo;786.7;2234.2;512.1;0;25.9;386.5
2009;Luxemburgo;675.1;2060.5;518.4;0;29.8;375.9
2010;Luxemburgo;754.7;2176.1;513;0;29.3;424.1
2011;Luxemburgo;725.4;2307.9;478.2;0;25;352.6
2012;Luxemburgo;679.2;2206.8;491.1;0;25;396.5
2013;Luxemburgo;646.7;2165.6;499.2;0;26.4;411.2
2014;Luxemburgo;657;2086.4;469.4;0;25.4;361.4
2015;Luxemburgo;645.7;1957.9;510.9;0;25;397.5
2016;Luxemburgo;674.1;1907.2;527.4;0;28.9;400.7
2017;Luxemburgo;622.5;1967.2;537.5;0;24.9;456.1
2018;Luxemburgo;630.6;2101.5;503.4;0;23.6;478
1990;Malta;0;150.9;56.2;0;0;1.4
1991;Malta;20.3;169.5;58;0;0;1.5
1992;Malta;22.1;175.7;61.1;0;0;1.6
1993;Malta;22.4;198.8;61.4;0;0;1.6
1994;Malta;42;198.8;69.9;0;0;29.7
1995;Malta;42;232.8;73.6;0;0;31.8
1996;Malta;43.9;182;76.3;0;0;34.1
1997;Malta;39;248;74.5;0;0;38.3
1998;Malta;41.1;217.2;66.4;0;0;38.8
1999;Malta;44.3;199.6;75.1;0;16.6;41.9
2000;Malta;43.3;153.2;76.6;0;0;43.3
2001;Malta;41.5;142.8;75;0;0;46.9
2002;Malta;43.9;97.8;80.8;0;0;49.6
2003;Malta;47.8;123.4;89;0;0;53.4
2004;Malta;47.4;148.7;88.8;0;0;53.7
2005;Malta;50.3;165.1;72.1;3.1;5.1;63.5
2006;Malta;55.5;170.3;73;1;4.1;72.4
2007;Malta;57.4;175.4;70.8;1;5.1;76.3
2008;Malta;59.8;191.8;70.8;1;5.1;75.2
2009;Malta;51.9;169.4;64.4;1;4.2;70.6
2010;Malta;44.1;185.2;69.2;2.1;6;92.1
2011;Malta;39.9;183.2;68.8;1.1;4.9;88
2012;Malta;43.8;181.2;72.2;3.2;4;100.4
2013;Malta;52.2;183.7;74;2.1;2.9;103.5
2014;Malta;55.5;187.9;73.9;2.1;3;110.7
2015;Malta;55.1;199.8;79.9;2.1;2;120.9
2016;Malta;54.9;199.7;77.6;2.1;3;118.3
2017;Malta;57.2;207.1;91.4;1.8;4.6;128.3
2018;Malta;55.7;230.8;93.5;2.3;4.9;125.2
1990;Países Bajos;14146.9;9040.6;10395;380.7;3766;5129.7
1991;Países Bajos;14107.1;9195;11741.5;371.3;4225.4;5735.7
1992;Países Bajos;13991.2;9669.9;11003.1;358.9;4158.5;5471
1993;Países Bajos;14118.1;9949.6;11522.6;359.8;4356.7;5811.9
1994;Países Bajos;14420.1;9750;10956;371.3;4165.4;5565.1
1995;Países Bajos;14700;9835.1;11780;422.1;4211.1;5773.1
1996;Países Bajos;15403;10258.7;13483.9;408.5;4652.9;6581.6
1997;Países Bajos;15007.8;10245.3;11654.7;421.7;4128.6;6202.4
1998;Países Bajos;15029.3;10480.7;11219.9;423.5;4118.6;6342.2
1999;Países Bajos;15489.3;10650.5;10797.7;433.6;4048.1;6085
2000;Países Bajos;15201.6;10642;10823.2;420.5;4086.4;6244.5
2001;Países Bajos;15143;10720.9;11402.1;414.7;3993.1;6611.5
2002;Países Bajos;15464.6;10963.5;11130.7;346.5;3731.4;6553.5
2003;Países Bajos;15545.4;11128.9;11403.2;315.7;3728.5;6838.2
2004;Países Bajos;15770;11308.1;11035.4;299.3;3771.1;7312
2005;Países Bajos;15640;11378.5;10737.8;292.1;3879.9;6943.5
2006;Países Bajos;15328.2;11725;10844.8;276.7;3431.9;7089.8
2007;Países Bajos;15426.4;11848.4;9972.1;241.8;3465.5;6831
2008;Países Bajos;14874.6;11961.1;11019.5;221.4;3512.5;7141
2009;Países Bajos;13364.8;11596.6;11027.9;209.8;3527.7;7327.9
2010;Países Bajos;14419.1;11656.5;12480.1;211.4;4019;7846.9
2011;Países Bajos;13868.1;11786.2;10281;178.5;3601.7;6989.4
2012;Países Bajos;13680.3;11278.3;10866.8;143.9;3682.1;7238.7
2013;Países Bajos;13501.6;10984.6;11412.5;166.1;3691.3;7267.8
2014;Países Bajos;13236.6;10261.8;9117;166.5;3390.7;6412.4
2015;Países Bajos;13383.7;10379.9;9547.1;185.5;3612.2;6801
2016;Países Bajos;13733.2;10399.1;9839.3;180.5;3647.7;6694.5
2017;Países Bajos;13852;10615.6;9627.4;154.7;3655.9;6933.1
2018;Países Bajos;13690.9;10831.8;9645.8;149.2;3647.1;6894.6
1990;Polonia;23015;7185.1;17829.3;0;3392.6;4953.6
1991;Polonia;21143;7474.4;20471.6;0;3679.3;4882.6
1992;Polonia;19332.1;7579.1;20843.8;0;3867.2;4808.7
1993;Polonia;20236.8;7423.1;24414.1;0;4736.2;5000.9
1994;Polonia;19577.2;7700.7;23091.1;0;4976.6;4216.6
1995;Polonia;21351.3;7978.8;22656.8;0;4788.9;4134.2
1996;Polonia;23019.6;8985.6;23023;0;4973.2;4630
1997;Polonia;22424.6;9488.4;21706.3;0;5163.8;4449.8
1998;Polonia;19606.1;9969.4;19533.2;0;4741.7;4565.4
1999;Polonia;17095.7;10828;19438.5;0;4836.9;4905.2
2000;Polonia;17103.9;9594.8;17207.8;0;4645.5;4966
2001;Polonia;15789.6;9549.4;18812.5;0;4608.7;5385.2
2002;Polonia;15301.7;9273.4;18694.2;0;4379.6;6092.5
2003;Polonia;15829.9;10139.5;18795.9;7.8;4191.6;6314.7
2004;Polonia;15509.6;11384.2;18831.7;6;4300.9;6729.6
2005;Polonia;14617.7;12224.8;19469.2;4;4438.1;6730.2
2006;Polonia;14653.9;13498.2;20469.4;4.1;3819.3;7461.9
2007;Polonia;15249.8;14842.2;19366;0.9;3510.8;7111.6
2008;Polonia;13982.5;15805.6;19668.1;0.8;3640;7979.6
2009;Polonia;12823.3;16162.1;19977.6;0.7;3571.6;8040.5
2010;Polonia;13499.3;17187.3;21983;0;3730.3;8836.7
2011;Polonia;13961.5;17408.5;20104;0;3679.7;8429.5
2012;Polonia;13733.3;16680.4;20779.2;0;3666.5;8363.9
2013;Polonia;14210.7;15744;20443.6;0.1;3578.3;8078.7
2014;Polonia;14153.3;15805;18970.2;0.1;3420.9;7788.3
2015;Polonia;14095.6;16561.1;18948.4;0.3;3329.9;7842.3
2016;Polonia;14652.4;18557.2;19782.5;0;3537.2;8502.8
2017;Polonia;15841.2;21431.4;19936.1;0.3;3880.4;8094.6
2018;Polonia;16364.3;22414.7;19306.4;0.3;3918.3;7978.7
1990;Portugal;4651.8;3304;2301.6;0;466.6;603.4
1991;Portugal;4744.3;3529.8;2375.1;0;469.9;649.5
1992;Portugal;4706.2;3842.5;2439.3;0;470;712.4
1993;Portugal;4580.1;4033.8;2506.6;0;467.2;740.7
1994;Portugal;4856.4;4245.7;2556.8;0;477.4;767.6
1995;Portugal;4846.6;4397.4;2583.4;0;488;907.1
1996;Portugal;4958;4659.6;2685.4;0;486.5;938.7
1997;Portugal;5316.8;4842.6;2684.2;0;542;1096.6
1998;Portugal;5836.9;5269.7;2681;0;610.8;1224.3
1999;Portugal;6010.8;5513.6;2798;0;658.6;1262
2000;Portugal;6267.5;5964.2;2820.9;0;725.7;1400.3
2001;Portugal;6224.4;6035.5;2874;0;513.5;1870.1
2002;Portugal;6360.3;6254.2;3000.2;0;480.5;1940.5
2003;Portugal;5932.2;6562.2;3130.8;0;461.3;1854.7
2004;Portugal;5802;6710.9;3209.8;61.7;534.8;1875
2005;Portugal;5797.3;6434.2;3219;59.3;521.5;2200.4
2006;Portugal;5767.4;6479.6;3214.2;50.2;401.3;2045.9
2007;Portugal;5843.4;6461.8;3220.5;82.9;393.9;2036.8
2008;Portugal;5523.4;6478;3117.7;71.8;357.2;1945.3
2009;Portugal;5211.2;6465.1;3197.7;75.4;350.1;2040.6
2010;Portugal;5453.5;6424.7;2969.5;118.2;342.8;1883.2
2011;Portugal;5349.4;5963.9;2776.3;108.8;316.5;1855.4
2012;Portugal;4606;5528;2694.9;92.9;322.1;1843.4
2013;Portugal;4599.1;5446;2635;93.4;329.5;1786.9
2014;Portugal;4406;5475;2808.5;90.4;338.1;2253.1
2015;Portugal;4412.1;5566.1;2783.9;95.6;346.7;2324.6
2016;Portugal;4381.9;5702.3;2851.8;82.9;353.8;2257.6
2017;Portugal;4525.7;5800.5;2835.1;88.6;372.2;2268.3
2018;Portugal;4576.5;5859.3;2921.7;82.2;382;2352.5
1990;República Checa;15927.2;2570;7343.4;0;1534.6;3029.9
1991;República Checa;13463.7;2247.1;7027.5;0;1479.3;3215.7
1992;República Checa;14643.2;2878.9;6493.8;0;1162.6;1888
1993;República Checa;13528.5;2883.4;6392;0;1108.7;1710.4
1994;República Checa;11584.2;3062.4;6410.5;0;1103.9;1641.4
1995;República Checa;11442.9;2647;6584;0;1232.4;2416.4
1996;República Checa;11228.7;3588.9;7341.6;0;749.1;2309.8
1997;República Checa;11086.6;3692.7;6989.3;0;581.9;2345.3
1998;República Checa;10225.2;3785.5;6575.1;0;547.3;2646.1
1999;República Checa;8573.6;4144.6;6529;0;652.3;2927
2000;República Checa;9195.5;4206.9;6437.1;0;661.2;2971.7
2001;República Checa;8912.4;4417;7007.8;0;606.2;3215.3
2002;República Checa;8622.8;4613.8;6719.3;0;570.3;3029.4
2003;República Checa;8509.4;5209.2;6933.4;0;562.7;3429.5
2004;República Checa;8796.8;5371.4;6828.9;1;557;3488.6
2005;República Checa;8685.4;5747.5;6665.5;0.8;546.8;3137.5
2006;República Checa;8627.3;5963.3;6786.8;0.8;560.3;3095.4
2007;República Checa;8303.9;6290.5;6414.5;0.8;520.6;2972.5
2008;República Checa;7946.5;6325;6512.1;0.4;520.4;3157.4
2009;República Checa;7355.4;6220.8;6656.6;0.9;513.4;2977.1
2010;República Checa;6888.7;5916.1;7440.7;0.7;546;3249.1
2011;República Checa;6770.9;5935.6;6863.7;0.7;547.9;3132.5
2012;República Checa;6721.8;5788.9;7116.2;0.7;563.5;3039.7
2013;República Checa;6421.7;5738.7;7270.2;0.7;609.9;3010.4
2014;República Checa;6325.6;5948.8;6555.5;0.8;615.1;2923
2015;República Checa;6471.7;6195.2;6771;0.8;606.8;2977.8
2016;República Checa;6407.6;6417.1;7091.8;0.8;640.6;3091.9
2017;República Checa;6726.8;6617.3;7204.8;0.9;639.5;3181.3
2018;República Checa;6686.4;6659.9;7044.9;0.9;619.4;3128.4
1990;Rumanía;24368.6;4178.5;10478.5;0;2260.4;389.9
1991;Rumanía;20160.1;3615.8;7194.4;0;2330.4;173.1
1992;Rumanía;13182.6;3714.1;6259.5;0;1422.8;628.4
1993;Rumanía;12099.1;2976.2;6606.8;0;1156.5;405.5
1994;Rumanía;13080.2;3121.3;6398.2;0;812.7;465.8
1995;Rumanía;13996.1;2914.1;6335.8;0;1004.7;511.8
1996;Rumanía;13808.4;4023.6;8110.6;0;848;683.6
1997;Rumanía;11790.3;4086.7;9656.9;0;916.9;474.3
1998;Rumanía;9718.9;3867.4;9506.6;0;776.6;778.3
1999;Rumanía;8242.2;3181.5;8749.4;0;467.9;699.4
2000;Rumanía;8601.8;3321;8417.6;0;398.1;673.4
2001;Rumanía;9060.7;3997;7286.9;0;288.5;1122.8
2002;Rumanía;9665;4120;7226.2;0;278.6;557.4
2003;Rumanía;9345.8;4308.9;7829.9;0;242.2;1150.4
2004;Rumanía;9250.8;4468.7;7972.4;0;231.9;1264
2005;Rumanía;8997.7;4155.3;7991.3;0;214.8;1670
2006;Rumanía;8653.8;4269.2;7854.7;0;261.4;2411.6
2007;Rumanía;8336.6;4578.4;7519.3;3.3;261.1;2019.7
2008;Rumanía;8318.7;5160.4;8070.2;0.1;293.5;1697.8
2009;Rumanía;6144.6;5268.4;8015.2;0.1;380.4;1760.4
2010;Rumanía;6484.2;4965.8;8102;0;392.8;1880.5
2011;Rumanía;7059.7;5212.6;7859.7;0;434.7;1774.3
2012;Rumanía;6748.3;5314.7;8060.6;0;497.8;1763.1
2013;Rumanía;6272.8;5188.7;7722;0.2;469.3;1784.9
2014;Rumanía;6427.4;5266.3;7409.7;0.2;420.9;1768.4
2015;Rumanía;6418.9;5337.7;7375.2;0.2;458.6;1762
2016;Rumanía;6263.8;5738;7414.9;0.2;453.3;1806.4
2017;Rumanía;6437.7;6149.2;7732;0.1;495.8;1858.4
2018;Rumanía;6612.4;6303.7;7775.1;0.1;565.8;1976.2
1990;Suecia;11763.4;6972.2;6556.2;60.6;816.1;4016.5
1991;Suecia;11767;6875;7171.8;57.5;826.1;3888.9
1992;Suecia;12078.9;7143.7;7838.2;51.4;802.7;4360.7
1993;Suecia;12582.8;6810.3;7939.3;47.2;780.4;4421.5
1994;Suecia;12622.4;7055.5;8046.7;56.5;761.6;4516.6
1995;Suecia;13178.7;7144.8;7748;59.6;779.8;4861.1
1996;Suecia;13435.7;7092.7;8201.8;54.4;823.6;5116.4
1997;Suecia;13528.4;7155.9;7930.8;54.4;831.5;4572.9
1998;Suecia;13716.5;7229.5;7874;50.3;924.5;4592.2
1999;Suecia;13436;7393.2;7449.8;51.4;715.1;4859
2000;Suecia;13693.3;7452.3;7302.2;50.3;714.6;4408.8
2001;Suecia;12517;7412.9;7513.9;35.9;721.6;4792.2
2002;Suecia;12341.6;7503.3;7338.1;31.8;766.7;4783.9
2003;Suecia;11919.7;7628.3;7384.5;29.8;781.1;4791.7
2004;Suecia;11987.4;7827;7148.4;31.8;762.7;4555.5
2005;Suecia;11706.6;7474.7;7640.4;50.4;984.4;4104.7
2006;Suecia;11936.6;7563.2;7316.7;50.5;932.8;4145.8
2007;Suecia;12042.9;7669.3;7053;56;980.5;4220.1
2008;Suecia;11713.2;7534.3;6947.5;52.8;919.2;4168.1
2009;Suecia;10894.6;7375.2;7232.5;58.1;911.5;4036.9
2010;Suecia;11649.8;7502.6;8282.7;55.2;887.1;4333.8
2011;Suecia;11290.8;7510.9;7685.3;51.6;698.3;3867.1
2012;Suecia;11244.4;7232.5;8057.1;54.4;741.2;4048.5
2013;Suecia;11030;7148.5;7697.6;61.8;660.1;3961.2
2014;Suecia;10799.4;7145.9;7232.1;66.1;662.1;3962.8
2015;Suecia;11019.6;7295.5;7413.7;45.6;656.4;4024.5
2016;Suecia;10971.6;7224.8;7661.7;47.5;662.7;4219.2
2017;Suecia;10918.1;7307.9;7699.1;42.2;652.6;3993.5
2018;Suecia;11014.3;7146.2;7492.3;37.1;612.8;4123
1990;Noruega;6039.6;3419.9;3608.4;14.7;497.5;2046.1
1991;Noruega;5614.2;3457;3670.5;3.1;656.8;2028.8
1992;Noruega;5418.6;3541;3620.7;4.2;626.5;2103.2
1993;Noruega;5584;3731.9;3676.3;4.2;672.2;2053.7
1994;Noruega;5907;3678.3;3827.4;4.2;704.6;2032.7
1995;Noruega;6048.4;3906.4;3867.7;4.2;678.6;2033.6
1996;Noruega;5918.3;4078.3;3967.6;4.2;724.2;2311.8
1997;Noruega;5910.5;4141.9;3837.9;4.2;732.9;2326.4
1998;Noruega;6335.9;4286.9;3958.4;4.2;813.6;2342.5
1999;Noruega;6663.5;4351.4;3936.6;5.2;795.6;2349.7
2000;Noruega;6873.9;4074.2;3825.6;451;322.8;2125
2001;Noruega;6436.2;4144.7;3985.3;468.4;348.4;2537.5
2002;Noruega;6037.7;4143.6;3979.4;487.9;326.2;2649.6
2003;Noruega;6508.7;4262.9;3813.5;485;317;2272.1
2004;Noruega;6828.8;4382.3;3811.4;474.7;335.6;2327.6
2005;Noruega;6728.6;4399;3962.7;456.9;346.6;2329.8
2006;Noruega;6550.9;4624.3;3940.9;431.5;337.2;2308.8
2007;Noruega;6495.3;4843.6;4000.3;415.1;337.8;2519.7
2008;Noruega;6620;4782.7;4039;408.6;337.2;2559.6
2009;Noruega;5485.1;4693.8;4236.8;469.6;331.3;2911.4
2010;Noruega;6153;4889.5;4714.8;487;335.2;2922.2
2011;Noruega;6149.2;4718.9;4282.9;490.7;306.4;2782.2
2012;Noruega;5940.3;5158;4526.1;99;310.3;2931.1
2013;Noruega;5889.6;4809.1;4481.1;457.5;307.8;2963.5
2014;Noruega;5811.9;4843.4;4219.3;393.9;297.8;2803.4
2015;Noruega;5934.3;4958;4409.9;131.2;284.1;2835.7
2016;Noruega;5934.9;4992.8;4485.5;129;289.7;3064.6
2017;Noruega;6079.6;4632.9;4557.4;131;308;3022.3
2018;Noruega;6139.3;4641.5;4610.8;141.5;304.4;3183.8
1990;Ucrania;31259.1;39484.7;37317.9;0;1284.5;12891
1991;Ucrania;32179.7;39263.8;40815.1;0;1311;13486.2
1992;Ucrania;30477.7;39751;40210.2;0;1316.4;13894.9
1993;Ucrania;31042.6;40294.9;41658.5;0;1318.7;13347.3
1994;Ucrania;31616;40314.7;40309.3;0;1311.7;16091.3
1995;Ucrania;31524.6;40014.3;39335.2;0;1275.1;16327.9
1996;Ucrania;32590.8;41530.6;44132.1;0;1364;16961.1
1997;Ucrania;32582.9;41900.5;41134.2;0;1286.9;16907.3
1998;Ucrania;32374.9;41632.5;42348.2;0;1290.5;16854.2
1999;Ucrania;33220.6;42843.5;42341.9;0;1221.6;17021.1
2000;Ucrania;33902.8;42209.2;43090.4;0;1153.3;16864
2001;Ucrania;33560.7;41847.5;44339.8;0;1226.6;17523.4
2002;Ucrania;32557.4;42228;43544.3;0;1134.8;16095.6
2003;Ucrania;32407.6;42620.7;44746.5;0;899.7;15831.2
2004;Ucrania;31077.6;42891.3;45641.7;0;860.1;16474.3
2005;Ucrania;30518.4;43259.7;44249.3;0;938;16752.7
2006;Ucrania;29672.1;43861.5;43129.8;0;869.1;15912.9
2007;Ucrania;29123.9;44211.1;41615;0;861.2;15595.1
2008;Ucrania;28572.7;42383.5;42527.4;0;867.1;16983.4
2009;Ucrania;24360.1;41069.5;41324.9;0;817.9;15763.8
2010;Ucrania;25596.6;40437.3;45512.6;177;817.5;16526.9
2011;Ucrania;23952.2;39907.7;37786.1;169.5;776.1;15239.7
2012;Ucrania;23613.3;39748.8;40957.9;163.4;815.5;16232.1
2013;Ucrania;23643.8;39491.6;41458.3;162.1;924.9;16585.6
2014;Ucrania;22967.7;40108.3;35813.1;158.4;1023.3;15523.6
2015;Ucrania;23039.3;40889.3;37268.9;231.5;745.4;16830
2016;Ucrania;21233.8;41814.4;37953.7;237.2;1232.8;18054.9
2017;Ucrania;21597;41940.9;36810.8;173;1322.4;17807.4
2018;Ucrania;21423.6;41813.1;37991;241.1;1257.1;17988.3
